feature,importance,pct
doy_cos,0.7606864404818635,70.0911959666875
rain_30d,0.22387432857168138,20.628236025724753
rain_14d,0.046019157992922,4.240298826755218
dry_30d,0.02662939193482945,2.4536863407155205
rain_7d,0.020005154207886244,1.8433156019456993
doy_sin,0.007794980117080597,0.7182453240478855
rain_3d,0.0065557639900404975,0.6040614293666211
tmean_7d,0.0044103268448788535,0.406376486697631
dry_7d,0.0017344588570221253,0.1598165672135352
rain,0.0015212715880857485,0.14017305860155443
tmean_30d,0.001008278488933856,0.09290483094728359
days_since_rain,0.0008674403171746947,0.07992771531721117
maxtp,0.0005175018029962119,0.04768366879780921
trange,0.0002910643275771729,0.026819259207776235
dry_14d,0.0002437628417935267,0.022460804089952855
meantp,5.210561547865922e-05,0.004801117400181453
lat,0.0,0.0
lon,0.0,0.0
wdsp,-0.00011765733571325043,-0.010841186243798172
wdsp_7d,-0.00014713543524547124,-0.01355735829719981
mintp,-0.0004366917033950202,-0.04023766184171479
wdsp_14d,-0.0008764834671513899,-0.08076096955107286
tmean_14d,-0.0012408407106930363,-0.1143335871236724
wdsp_30d,-0.014111607939115655,-1.3002722604586783
