year,model,mae,r2
2015,RF cheap,1.3876613556581874,0.9190872295357595
2015,RF full,1.0627906454686353,0.9524654059173603
2015,Baseline: climatology,6.306047746674608,-0.11981837359355518
2016,RF cheap,2.0851705570852523,0.8666834064810551
2016,RF full,1.5149643871229148,0.9302093753827585
2016,Baseline: climatology,5.736655249333439,0.32848677664790715
2017,RF cheap,1.9455377177872213,0.9072857889083545
2017,RF full,1.6490203307162261,0.9295854427397844
2017,Baseline: climatology,6.901162632806083,0.16548769965429444
2018,RF cheap,4.4951438623535305,0.8389547755515796
2018,RF full,4.0030897884693895,0.8563417869233988
2018,Baseline: climatology,10.627398869246694,0.2575558155919594
2019,RF cheap,1.8472281944600963,0.9190976091202583
2019,RF full,1.5449706379548773,0.9480937813128539
2019,Baseline: climatology,6.475237906161075,0.3438788602367926
2020,RF cheap,2.136032485571734,0.9001831650241539
2020,RF full,1.8323503244624946,0.921252180584911
2020,Baseline: climatology,6.003500270584198,0.42869274683133174
2021,RF cheap,2.7442926404319676,0.7965834654289656
2021,RF full,2.101882957541847,0.8750766927465095
2021,Baseline: climatology,6.149981768036384,0.4319415540987581
2022,RF cheap,2.8359099379199852,0.8031129039251232
2022,RF full,2.532238719645819,0.8682154547396799
2022,Baseline: climatology,5.923627388237804,0.4209410276362012
2023,RF cheap,1.4428208595345997,0.9550941107237073
2023,RF full,1.6300972743382274,0.9227139841428457
2023,Baseline: climatology,7.322854708490504,0.33011916234880534
