protocol,model,mae,r2
Random split (naive),RF cheap,1.4310878207022706,0.9532200254782973
Random split (naive),RF full,1.2264872758094072,0.9642102437976869
Hold out Athenry,RF cheap,2.0554685714118834,0.8747019348808707
Hold out Athenry,RF full,1.6991339379976036,0.9088580827103188
Hold out Athenry,Baseline: climatology,6.247164473095174,0.38635423786313017
Hold out Athenry,Baseline: water balance,4.3511286397867295,0.46553950930927823
Hold out MoorePark,RF cheap,3.0496545542123785,0.8405669353740306
Hold out MoorePark,RF full,2.6274463003735598,0.8675152943631264
Hold out MoorePark,Baseline: climatology,7.4291107802275125,0.3307867113761226
Hold out MoorePark,Baseline: water balance,5.039511332763253,0.6790324481223928
Hold out Valentia,RF cheap,1.5991677694449264,0.9252784420465348
Hold out Valentia,RF full,1.3998216691937442,0.9460707427315022
Hold out Valentia,Baseline: climatology,6.478926894140741,0.24835439826804073
Hold out Valentia,Baseline: water balance,2.3731781110454118,0.786425156843034
